N,Silhouette Coefficient,converged
50,0.045037327675392175,True
70,0.03838841755445423,True
90,0.05167282020400423,True
110,0.03342094240018032,False
130,0.05834004744377449,True
150,,
170,,
190,,
210,,
230,,
250,,
270,,
290,,
310,,
330,,
350,,
